<!--

    Copyright 2019 the original author or authors.

    Licensed under the Apache License, Version 2.0 (the "License");
    you may not use this file except in compliance with the License.
    You may obtain a copy of the License at

         http://www.apache.org/licenses/LICENSE-2.0

    Unless required by applicable law or agreed to in writing, software
    distributed under the License is distributed on an "AS IS" BASIS,
    WITHOUT WARRANTIES OR CONDITIONS OF ANY KIND, either express or implied.
    See the License for the specific language governing permissions and
    limitations under the License.

-->

<!--
  | Local developer build logging configuration.
  | * console log shows overall info+ build messages and project errors
  | * overall build.log file includes all build log messages
  | * project-specific build.log files include corresponding project build log messages
 -->
<configuration>
  <contextListener class="ch.qos.logback.classic.jul.LevelChangePropagator" />

  <appender name="DAEMON" class="ch.qos.logback.core.FileAppender">
    <file>${mvnd.daemonStorage}/daemon-${mvnd.id}.log</file>
    <encoder>
      <pattern>%d{HH:mm:ss.SSS} %.-1level %msg%n</pattern>
    </encoder>
  </appender>

  <logger name="org.mvndaemon.mvnd.daemon" level="DEBUG" additivity="false">
    <appender-ref ref="DAEMON" />
  </logger>

  <logger name="Sisu" level="INFO" />

  <!-- suppress annoying @threadSafe and checksum failure warning messages -->
  <logger name="org.apache.maven.lifecycle.internal.builder.BuilderCommon" level="ERROR" />
  <logger name="org.eclipse.aether.internal.impl.WarnChecksumPolicy" level="ERROR" />

</configuration>
